{"recipe": {"revision": "0", "remote": "conancenter", "properties": {}, "checksums": {"conanmanifest.txt": {"md5": "4b2e8c6bfc68dc9ded67e2486b762eed", "sha1": "2e003be035549b33608e302903b189a8122985d6"}, "conanfile.py": {"md5": "3c0c806720ee8d280a732b3a9f259838", "sha1": "7b1ad074f1960400523fe50b017cbe7d3b75be43"}, "conan_export.tgz": {"md5": "1ae082760348e16e2ddfa2b8b2c19774", "sha1": "6414d848c2dc74c1aaf7142bc3feaae1a468000d"}}}, "packages": {"353719a741ac5e659aa88fd7797c2746d8166d80": {"revision": "de867137c9affa109d1786c6f05f2f8e", "recipe_revision": "0", "remote": null, "properties": {}, "checksums": {}}, "aa4b42a29a137462803bc7c56a64efa1039e98e4": {"revision": "37a7e01cb4e08379e6236c07e32a3e1b", "recipe_revision": "0", "remote": null, "properties": {}, "checksums": {}}}}