{"recipe": {"revision": "8e33115ede44af1b3125f360b9e880e2", "remote": null, "properties": {}, "checksums": {}}, "packages": {"3b2aca0281ba01b7e4a68f185e57c5b3436c679b": {"revision": "d362d77c0f808835801bad5e7fff19d3", "recipe_revision": "8e33115ede44af1b3125f360b9e880e2", "remote": null, "properties": {}, "checksums": {}}, "a86cf1844888cbb11487e22d665eda10a8456fd5": {"revision": "767b08447ea27ebaca5c6d7a8b039bfd", "recipe_revision": "8e33115ede44af1b3125f360b9e880e2", "remote": null, "properties": {}, "checksums": {}}}}