paper_figure,paper_workload,repo_usecase,rdt_kind,transport,commit,replicas,operations,write_percentage,response_time_avg_us,throughput_min_ops_per_us,response_node1_us,response_node2_us,response_node3_us,response_node4_us,throughput_node1_ops_per_us,throughput_node2_ops_per_us,throughput_node3_ops_per_us,throughput_node4_ops_per_us,issued_operations_total,state_digest,measurement_runs,status
9,Counter,counter,CRDT,RoCEv2-Hardware-mlx5_0,736bbd6,3,4000000,0,0.081738200,27.820500000,0.107822000,0.068349800,0.069042800,,27.820500000,43.882700000,43.442400000,,4000000,16294208416658607535,combined,valid
9,Counter,counter,CRDT,RoCEv2-Hardware-mlx5_0,736bbd6,3,4000000,15,0.219011333,13.051800000,0.229835000,0.221316000,0.205883000,,13.051800000,13.056900000,13.066200000,,4000000,2366934273933659296,combined,valid
9,Counter,counter,CRDT,RoCEv2-Hardware-mlx5_0,736bbd6,3,4000000,20,0.255048000,11.014900000,0.272338000,0.249006000,0.243800000,,11.014900000,11.025400000,11.018300000,,4000000,5808612434071250250,combined,valid
9,Counter,counter,CRDT,RoCEv2-Hardware-mlx5_0,736bbd6,3,4000000,25,0.292815667,9.690320000,0.309565000,0.288978000,0.279904000,,9.690320000,9.696570000,9.693210000,,4000000,1692353366116290214,combined,valid
9,Counter,counter,CRDT,RoCEv2-Hardware-mlx5_0,736bbd6,4,4000000,0,0.090214500,27.980100000,0.067818000,0.142941000,0.068408000,0.081691000,58.968300000,27.980100000,58.460700000,48.951200000,4000000,16294208416658607535,combined,valid
9,Counter,counter,CRDT,RoCEv2-Hardware-mlx5_0,736bbd6,4,4000000,15,0.267439750,14.040200000,0.284865000,0.254583000,0.278242000,0.252069000,14.040200000,14.057000000,14.051400000,14.051100000,4000000,2366934273933659296,combined,valid
9,Counter,counter,CRDT,RoCEv2-Hardware-mlx5_0,736bbd6,4,4000000,20,0.326352500,11.009800000,0.317579000,0.363050000,0.298474000,0.326307000,11.009800000,11.016900000,11.025700000,11.015200000,4000000,5808612434071250250,combined,valid
9,Counter,counter,CRDT,RoCEv2-Hardware-mlx5_0,736bbd6,4,4000000,25,0.387603500,9.273990000,0.376323000,0.431023000,0.379456000,0.363612000,9.273990000,9.279520000,9.283240000,9.278700000,4000000,1692353366116290214,combined,valid
9,G-Set,gset,CRDT,RoCEv2-Hardware-mlx5_0,736bbd6,3,4000000,0,0.091922900,22.544700000,0.071228200,0.133055000,0.071485500,,42.110600000,22.544700000,41.958200000,,4000000,0,combined,valid
9,G-Set,gset,CRDT,RoCEv2-Hardware-mlx5_0,736bbd6,3,4000000,15,0.223158667,12.110300000,0.210165000,0.247511000,0.211800000,,12.110300000,12.119700000,12.121600000,,4000000,15530378015678913902,combined,valid
9,G-Set,gset,CRDT,RoCEv2-Hardware-mlx5_0,736bbd6,3,4000000,20,0.260585000,11.260600000,0.266392000,0.260726000,0.254637000,,11.260600000,11.271500000,11.264400000,,4000000,15530378015678913902,combined,valid
9,G-Set,gset,CRDT,RoCEv2-Hardware-mlx5_0,736bbd6,3,4000000,25,0.301711667,9.711730000,0.308883000,0.300732000,0.295520000,,9.711730000,9.713100000,9.722760000,,4000000,15530378015678913902,combined,valid
9,G-Set,gset,CRDT,RoCEv2-Hardware-mlx5_0,736bbd6,4,4000000,0,0.085104250,34.165300000,0.117062000,0.071599000,0.071536000,0.080220000,34.165300000,55.852700000,55.903400000,49.853600000,4000000,0,combined,valid
9,G-Set,gset,CRDT,RoCEv2-Hardware-mlx5_0,736bbd6,4,4000000,15,0.265418500,13.000900000,0.253120000,0.307319000,0.257608000,0.243627000,13.000900000,13.014700000,13.013900000,13.011100000,4000000,15530378015678913902,combined,valid
9,G-Set,gset,CRDT,RoCEv2-Hardware-mlx5_0,736bbd6,4,4000000,20,0.318853750,10.961200000,0.300269000,0.302745000,0.364737000,0.307664000,10.961200000,10.965300000,10.965900000,10.975500000,4000000,15530378015678913902,combined,valid
9,G-Set,gset,CRDT,RoCEv2-Hardware-mlx5_0,736bbd6,4,4000000,25,0.392945000,9.649600000,0.414494000,0.365815000,0.400093000,0.391378000,9.649600000,9.659710000,9.652630000,9.652770000,4000000,15530378015678913902,combined,valid
9,PN-Set,pnset,CRDT,RoCEv2-Hardware-mlx5_0,736bbd6,3,4000000,0,0.084443100,28.003900000,0.107116000,0.071642300,0.074571000,,28.003900000,41.866800000,40.222400000,,4000000,0,combined,valid
9,PN-Set,pnset,CRDT,RoCEv2-Hardware-mlx5_0,736bbd6,3,4000000,15,0.235064333,10.925100000,0.221343000,0.274479000,0.209371000,,10.925100000,10.929100000,10.935500000,,4000000,4158281071620603130,combined,valid
9,PN-Set,pnset,CRDT,RoCEv2-Hardware-mlx5_0,736bbd6,3,4000000,20,0.271400000,10.235100000,0.267093000,0.254147000,0.292960000,,10.235100000,10.241500000,10.239500000,,4000000,6381265218763136040,combined,valid
9,PN-Set,pnset,CRDT,RoCEv2-Hardware-mlx5_0,736bbd6,3,4000000,25,0.309434333,9.622930000,0.311305000,0.305584000,0.311414000,,9.622930000,9.623020000,9.632820000,,4000000,11669586830584168673,combined,valid
9,PN-Set,pnset,CRDT,RoCEv2-Hardware-mlx5_0,736bbd6,4,4000000,0,0.090789500,27.332100000,0.071619000,0.146330000,0.073471000,0.071738000,55.839400000,27.332100000,54.432900000,55.747600000,4000000,0,combined,valid
9,PN-Set,pnset,CRDT,RoCEv2-Hardware-mlx5_0,736bbd6,4,4000000,15,0.269951000,13.189700000,0.247831000,0.302889000,0.241023000,0.288061000,13.189700000,13.205100000,13.200400000,13.201500000,4000000,4158281071620603130,combined,valid
9,PN-Set,pnset,CRDT,RoCEv2-Hardware-mlx5_0,736bbd6,4,4000000,20,0.322166250,11.950000000,0.330660000,0.305331000,0.318227000,0.334447000,11.950000000,11.965500000,11.958900000,11.958900000,4000000,6381265218763136040,combined,valid
9,PN-Set,pnset,CRDT,RoCEv2-Hardware-mlx5_0,736bbd6,4,4000000,25,0.382966500,9.486970000,0.374516000,0.369897000,0.366060000,0.421393000,9.486970000,9.489980000,9.496450000,9.491610000,4000000,11669586830584168673,combined,valid
9,Register,register,CRDT,RoCEv2-Hardware-mlx5_0,736bbd6,3,4000000,0,0.095591833,21.579400000,0.073683000,0.139009000,0.074083500,,40.707100000,21.579400000,40.487900000,,4000000,16294208416658607535,combined,valid
9,Register,register,CRDT,RoCEv2-Hardware-mlx5_0,736bbd6,3,4000000,15,0.246712667,10.888600000,0.238633000,0.275282000,0.226223000,,10.888600000,10.897000000,10.893000000,,4000000,11271253297489888893,combined,valid
9,Register,register,CRDT,RoCEv2-Hardware-mlx5_0,736bbd6,3,4000000,20,0.286667667,9.654210000,0.310723000,0.270770000,0.278510000,,9.654210000,9.660790000,9.656730000,,4000000,4284076498645106326,combined,valid
9,Register,register,CRDT,RoCEv2-Hardware-mlx5_0,736bbd6,3,4000000,25,0.353180000,7.969600000,0.336281000,0.376236000,0.347023000,,7.969600000,7.973210000,7.975990000,,4000000,14291623112434558279,combined,valid
9,Register,register,CRDT,RoCEv2-Hardware-mlx5_0,736bbd6,4,4000000,0,0.096605500,26.691000000,0.073936000,0.149846000,0.074456000,0.088184000,54.089100000,26.691000000,53.711500000,45.347900000,4000000,16294208416658607535,combined,valid
9,Register,register,CRDT,RoCEv2-Hardware-mlx5_0,736bbd6,4,4000000,15,0.296556000,12.182200000,0.288991000,0.287217000,0.282765000,0.327251000,12.182200000,12.195600000,12.190100000,12.222100000,4000000,12212360437225229611,combined,valid
9,Register,register,CRDT,RoCEv2-Hardware-mlx5_0,736bbd6,4,4000000,20,0.355576500,10.129700000,0.346069000,0.394431000,0.348854000,0.332952000,10.129700000,10.140400000,10.138200000,10.138000000,4000000,16309867105547115112,combined,valid
9,Register,register,CRDT,RoCEv2-Hardware-mlx5_0,736bbd6,4,4000000,25,0.417731750,8.946340000,0.393825000,0.446661000,0.422130000,0.408311000,8.946340000,8.954660000,8.952770000,8.951050000,4000000,14379351135495576104,combined,valid
9,2P-Set,twopset,CRDT,RoCEv2-Hardware-mlx5_0,736bbd6,3,4000000,0,0.085279767,26.701600000,0.112341000,0.071663300,0.071835000,,26.701600000,41.854100000,41.754100000,,4000000,0,combined,valid
9,2P-Set,twopset,CRDT,RoCEv2-Hardware-mlx5_0,736bbd6,3,4000000,15,0.334502000,8.561590000,0.350382000,0.314834000,0.338290000,,8.561590000,8.567550000,8.564140000,,4000000,4865678677243008054,combined,valid
9,2P-Set,twopset,CRDT,RoCEv2-Hardware-mlx5_0,736bbd6,3,4000000,20,0.401653667,6.844420000,0.382083000,0.438027000,0.384851000,,6.844420000,6.848530000,6.848650000,,4000000,2145364299168620076,combined,valid
9,2P-Set,twopset,CRDT,RoCEv2-Hardware-mlx5_0,736bbd6,3,4000000,25,0.475198667,5.925340000,0.461011000,0.506105000,0.458480000,,5.925340000,5.927360000,5.927050000,,4000000,2066860298982049476,combined,valid
9,2P-Set,twopset,CRDT,RoCEv2-Hardware-mlx5_0,736bbd6,4,4000000,0,0.090269750,27.436000000,0.071726000,0.145777000,0.072013000,0.071563000,55.756900000,27.436000000,55.531600000,55.883100000,4000000,0,combined,valid
9,2P-Set,twopset,CRDT,RoCEv2-Hardware-mlx5_0,736bbd6,4,4000000,15,0.382995250,9.838360000,0.406542000,0.356862000,0.365595000,0.402982000,9.838360000,9.848140000,9.841600000,9.843050000,4000000,4865678677243008054,combined,valid
9,2P-Set,twopset,CRDT,RoCEv2-Hardware-mlx5_0,736bbd6,4,4000000,20,0.486786500,7.338530000,0.467181000,0.469827000,0.465434000,0.544704000,7.338530000,7.341110000,7.340720000,7.343010000,4000000,2145364299168620076,combined,valid
9,2P-Set,twopset,CRDT,RoCEv2-Hardware-mlx5_0,736bbd6,4,4000000,25,0.592553500,6.267750000,0.583876000,0.638011000,0.559851000,0.588476000,6.267750000,6.269170000,6.271080000,6.268600000,4000000,2066860298982049476,combined,valid
10,Account,account,WRDT,RoCEv2-Hardware-mlx5_0,736bbd6,3,4000000,0,0.068147367,31.741200000,0.078288200,0.063174400,0.062979500,,36.186700000,33.947500000,31.741200000,,4000000,14043790391931691643,split,valid
10,Account,account,WRDT,RoCEv2-Hardware-mlx5_0,736bbd6,3,4000000,15,0.239184333,8.767830000,0.355289000,0.180249000,0.182015000,,8.767830000,8.773160000,8.769410000,,4000000,117121267474849683,split,valid
10,Account,account,WRDT,RoCEv2-Hardware-mlx5_0,736bbd6,3,4000000,20,0.296138333,6.841190000,0.447703000,0.215498000,0.225214000,,6.841190000,6.843560000,6.842190000,,4000000,13283194657606649361,split,valid
10,Account,account,WRDT,RoCEv2-Hardware-mlx5_0,736bbd6,3,4000000,25,0.346908000,5.970170000,0.519745000,0.258976000,0.262003000,,5.970170000,5.970880000,5.970350000,,4000000,1829149913114650155,split,valid
10,Account,account,WRDT,RoCEv2-Hardware-mlx5_0,736bbd6,4,4000000,0,0.070999625,29.754400000,0.083967600,0.061847300,0.073921900,0.064261700,37.394700000,29.754400000,29.959200000,47.680900000,4000000,14043790391931691643,split,valid
10,Account,account,WRDT,RoCEv2-Hardware-mlx5_0,736bbd6,4,4000000,15,0.292080500,7.894860000,0.496060000,0.225077000,0.223260000,0.223925000,7.895200000,7.896740000,7.894860000,7.901530000,4000000,117121267474849683,split,valid
10,Account,account,WRDT,RoCEv2-Hardware-mlx5_0,736bbd6,4,4000000,20,0.363416250,6.248890000,0.644314000,0.278966000,0.256082000,0.274303000,6.248890000,6.252300000,6.251130000,6.252480000,4000000,13283194657606649361,split,valid
10,Account,account,WRDT,RoCEv2-Hardware-mlx5_0,736bbd6,4,4000000,25,0.437065250,5.117430000,0.802616000,0.318416000,0.304190000,0.323039000,5.117430000,5.119780000,5.118960000,5.118310000,4000000,1829149913114650155,split,valid
10,Courseware,courseware,WRDT,RoCEv2-Hardware-mlx5_0,736bbd6,3,4000000,0,0.066990133,28.426700000,0.065041200,0.073060200,0.062869000,,35.426800000,35.371300000,28.426700000,,4000000,8489471839804416370,split,valid
10,Courseware,courseware,WRDT,RoCEv2-Hardware-mlx5_0,736bbd6,3,4000000,15,0.266300667,6.007970000,0.546658000,0.125805000,0.126439000,,6.008290000,6.007970000,6.011200000,,4000000,18410156863159335238,split,valid
10,Courseware,courseware,WRDT,RoCEv2-Hardware-mlx5_0,736bbd6,3,4000000,20,0.333432000,4.673890000,0.697998000,0.146678000,0.155620000,,4.673890000,4.675260000,4.674640000,,4000000,1672151186362139358,split,valid
10,Courseware,courseware,WRDT,RoCEv2-Hardware-mlx5_0,736bbd6,3,4000000,25,0.392802000,3.784580000,0.821425000,0.178865000,0.178116000,,3.784580000,3.785070000,3.785330000,,4000000,7426290418496953138,split,valid
10,Courseware,courseware,WRDT,RoCEv2-Hardware-mlx5_0,736bbd6,4,4000000,0,0.067448250,31.596600000,0.065475600,0.078765100,0.062773800,0.062778500,47.612200000,47.457500000,31.596600000,41.840100000,4000000,8489471839804416370,split,valid
10,Courseware,courseware,WRDT,RoCEv2-Hardware-mlx5_0,736bbd6,4,4000000,15,0.313325250,5.304740000,0.806738000,0.151748000,0.156621000,0.138194000,5.304740000,5.306680000,5.306550000,5.306830000,4000000,5147764589113400269,split,valid
10,Courseware,courseware,WRDT,RoCEv2-Hardware-mlx5_0,736bbd6,4,4000000,20,0.392400500,4.021970000,1.047740000,0.163323000,0.176355000,0.182184000,4.021970000,4.022550000,4.022580000,4.023370000,4000000,10742772742682883101,split,valid
10,Courseware,courseware,WRDT,RoCEv2-Hardware-mlx5_0,736bbd6,4,4000000,25,0.459177250,3.279130000,1.254080000,0.209935000,0.186582000,0.186112000,3.279130000,3.279370000,3.279290000,3.280240000,4000000,2159123977738474734,split,valid
10,Movie,movie,WRDT,RoCEv2-Hardware-mlx5_0,736bbd6,3,4000000,0,0.067788767,24.918200000,0.068752400,0.063116500,0.071497400,,29.245100000,35.089900000,24.918200000,,4000000,0,split,valid
10,Movie,movie,WRDT,RoCEv2-Hardware-mlx5_0,736bbd6,3,4000000,15,0.238468467,8.744410000,0.317473000,0.334692000,0.063240400,,8.744410000,8.748370000,8.866960000,,4000000,4123914493911949435,split,valid
10,Movie,movie,WRDT,RoCEv2-Hardware-mlx5_0,736bbd6,3,4000000,20,0.290590067,7.187470000,0.399385000,0.408149000,0.064236200,,7.187470000,7.190730000,7.188030000,,4000000,1695329620729630415,split,valid
10,Movie,movie,WRDT,RoCEv2-Hardware-mlx5_0,736bbd6,3,4000000,25,0.337716733,5.450330000,0.472845000,0.467942000,0.072363200,,5.450330000,5.451890000,5.450730000,,4000000,14790085934426686932,split,valid
10,Movie,movie,WRDT,RoCEv2-Hardware-mlx5_0,736bbd6,4,4000000,0,0.067871550,31.819800000,0.062963300,0.067027700,0.078202800,0.063292400,37.744400000,46.813200000,46.848300000,31.819800000,4000000,0,split,valid
10,Movie,movie,WRDT,RoCEv2-Hardware-mlx5_0,736bbd6,4,4000000,15,0.260011025,7.828080000,0.485053000,0.414732000,0.076946300,0.063312800,7.828830000,7.828190000,7.834760000,7.828080000,4000000,5864040396461586289,split,valid
10,Movie,movie,WRDT,RoCEv2-Hardware-mlx5_0,736bbd6,4,4000000,20,0.332154000,6.581050000,0.586286000,0.585474000,0.075364700,0.081491300,6.581380000,6.581050000,6.581680000,6.584340000,4000000,12746050015405391345,split,valid
10,Movie,movie,WRDT,RoCEv2-Hardware-mlx5_0,736bbd6,4,4000000,25,0.396442625,5.206310000,0.727144000,0.723604000,0.063633200,0.071389300,5.206310000,5.207770000,5.214670000,5.207180000,4000000,321653976019982748,split,valid
10,Project,project,WRDT,RoCEv2-Hardware-mlx5_0,736bbd6,3,4000000,0,0.063209900,24.442900000,0.063806900,0.062878500,0.062944300,,31.150000000,24.442900000,35.561900000,,4000000,17102691784853259046,split,valid
10,Project,project,WRDT,RoCEv2-Hardware-mlx5_0,736bbd6,3,4000000,15,0.269287667,5.749840000,0.538095000,0.141111000,0.128657000,,5.749840000,5.750230000,5.750810000,,4000000,18007052712975661688,split,valid
10,Project,project,WRDT,RoCEv2-Hardware-mlx5_0,736bbd6,3,4000000,20,0.337511333,5.056670000,0.696530000,0.158687000,0.157317000,,5.056760000,5.056670000,5.058900000,,4000000,12593494164879057632,split,valid
10,Project,project,WRDT,RoCEv2-Hardware-mlx5_0,736bbd6,3,4000000,25,0.401556000,3.845110000,0.845729000,0.178803000,0.180136000,,3.845110000,3.845720000,3.845950000,,4000000,9448716207856148012,split,valid
10,Project,project,WRDT,RoCEv2-Hardware-mlx5_0,736bbd6,4,4000000,0,0.068196300,29.277200000,0.064241700,0.079273300,0.063915500,0.065354700,35.419900000,29.277200000,47.161500000,47.262900000,4000000,17102691784853259046,split,valid
10,Project,project,WRDT,RoCEv2-Hardware-mlx5_0,736bbd6,4,4000000,15,0.311064250,5.036540000,0.791784000,0.158121000,0.138645000,0.155707000,5.036980000,5.036540000,5.037190000,5.039810000,4000000,5110591718096886085,split,valid
10,Project,project,WRDT,RoCEv2-Hardware-mlx5_0,736bbd6,4,4000000,20,0.390447250,3.954320000,1.035680000,0.182562000,0.179769000,0.163778000,3.954320000,3.954590000,3.955740000,3.955020000,4000000,16372036313779774204,split,valid
10,Project,project,WRDT,RoCEv2-Hardware-mlx5_0,736bbd6,4,4000000,25,0.461335500,3.215350000,1.258770000,0.209145000,0.187912000,0.189515000,3.224730000,3.224620000,3.224580000,3.215350000,4000000,14548836572318230616,split,valid
10,Auction,rubis,WRDT,RoCEv2-Hardware-mlx5_0,736bbd6,3,4000000,0,0.065637833,27.629500000,0.063880900,0.063025500,0.070007100,,34.903400000,34.297100000,27.629500000,,4000000,18282393915216984294,split,valid
10,Auction,rubis,WRDT,RoCEv2-Hardware-mlx5_0,736bbd6,3,4000000,15,0.227943367,5.811870000,0.553399000,0.063007100,0.067424000,,5.811870000,5.814860000,5.813020000,,4000000,9223161687003320471,split,valid
10,Auction,rubis,WRDT,RoCEv2-Hardware-mlx5_0,736bbd6,3,4000000,20,0.278511533,4.519840000,0.698145000,0.063731700,0.073657900,,4.519840000,4.521140000,4.520780000,,4000000,17148987034487645566,split,valid
10,Auction,rubis,WRDT,RoCEv2-Hardware-mlx5_0,736bbd6,3,4000000,25,0.326767233,3.570280000,0.854096000,0.063032600,0.063173100,,3.570280000,3.570370000,3.570920000,,4000000,12130835134424492766,split,valid
10,Auction,rubis,WRDT,RoCEv2-Hardware-mlx5_0,736bbd6,4,4000000,0,0.069494225,16.956800000,0.062969700,0.075965700,0.075545100,0.063496400,47.364700000,16.956800000,29.286900000,37.742600000,4000000,18282393915216984294,split,valid
10,Auction,rubis,WRDT,RoCEv2-Hardware-mlx5_0,736bbd6,4,4000000,15,0.266938400,4.874960000,0.858969000,0.068659300,0.076868400,0.063256900,4.874960000,4.876470000,4.875630000,4.875480000,4000000,7841357718644091417,split,valid
10,Auction,rubis,WRDT,RoCEv2-Hardware-mlx5_0,736bbd6,4,4000000,20,0.331527225,3.733400000,1.100520000,0.075277600,0.075384200,0.074927100,3.733400000,3.734360000,3.733930000,3.734110000,4000000,11570452641841997763,split,valid
10,Auction,rubis,WRDT,RoCEv2-Hardware-mlx5_0,736bbd6,4,4000000,25,0.397426725,3.062340000,1.385270000,0.063178800,0.065622600,0.075635500,3.062340000,3.062900000,3.062730000,3.062770000,4000000,14438702055076545852,split,valid
11,YCSB,kvstore,CRDT,RoCEv2-Hardware-mlx5_0,736bbd6,3,4000000,0,0.168674667,16.917300000,0.177313000,0.162354000,0.166357000,,16.917300000,18.476200000,18.031500000,,4000000,0,combined,valid
11,YCSB,kvstore,CRDT,RoCEv2-Hardware-mlx5_0,736bbd6,3,4000000,5,0.235448000,11.604000000,0.258511000,0.220067000,0.227766000,,11.604000000,11.613200000,11.605200000,,4000000,14043726768226402802,combined,valid
11,YCSB,kvstore,CRDT,RoCEv2-Hardware-mlx5_0,736bbd6,3,4000000,15,0.348299000,8.413170000,0.345706000,0.356398000,0.342793000,,8.413170000,8.417050000,8.415770000,,4000000,8057929062696380814,combined,valid
11,YCSB,kvstore,CRDT,RoCEv2-Hardware-mlx5_0,736bbd6,3,4000000,20,0.394244000,7.149420000,0.397382000,0.365933000,0.419417000,,7.149420000,7.153870000,7.152390000,,4000000,13810425925186807959,combined,valid
11,YCSB,kvstore,CRDT,RoCEv2-Hardware-mlx5_0,736bbd6,3,4000000,25,0.447021667,6.591110000,0.445477000,0.454855000,0.440733000,,6.591110000,6.595150000,6.594170000,,4000000,14169131363996434925,combined,valid
11,YCSB,kvstore,CRDT,RoCEv2-Hardware-mlx5_0,736bbd6,3,4000000,50,0.685969333,4.123290000,0.727523000,0.634204000,0.696181000,,4.123460000,4.123290000,4.124710000,,4000000,10082185695088315973,combined,valid
11,YCSB,kvstore,CRDT,RoCEv2-Hardware-mlx5_0,736bbd6,4,4000000,0,0.175124750,19.450200000,0.205633000,0.154595000,0.188803000,0.151468000,19.450200000,25.869000000,21.183000000,26.403200000,4000000,0,combined,valid
11,YCSB,kvstore,CRDT,RoCEv2-Hardware-mlx5_0,736bbd6,4,4000000,5,0.259396000,13.220000000,0.259579000,0.302387000,0.241841000,0.233777000,13.220000000,13.226700000,13.225700000,13.241800000,4000000,11836776451315422152,combined,valid
11,YCSB,kvstore,CRDT,RoCEv2-Hardware-mlx5_0,736bbd6,4,4000000,15,0.392197750,9.845350000,0.385952000,0.405892000,0.386322000,0.390625000,9.845350000,9.854090000,9.852170000,9.851730000,4000000,17199999901283988936,combined,valid
11,YCSB,kvstore,CRDT,RoCEv2-Hardware-mlx5_0,736bbd6,4,4000000,20,0.458076500,8.078670000,0.495101000,0.407647000,0.467194000,0.462364000,8.078670000,8.083570000,8.079630000,8.079450000,4000000,11304542753891851619,combined,valid
11,YCSB,kvstore,CRDT,RoCEv2-Hardware-mlx5_0,736bbd6,4,4000000,25,0.527633500,7.103180000,0.563098000,0.470464000,0.534802000,0.542170000,7.103180000,7.107880000,7.104080000,7.104820000,4000000,1585467437672390598,combined,valid
11,YCSB,kvstore,CRDT,RoCEv2-Hardware-mlx5_0,736bbd6,4,4000000,50,0.831654500,4.594740000,0.862604000,0.736988000,0.870348000,0.856678000,4.594740000,4.595680000,4.595680000,4.597360000,4000000,8656855959086049308,combined,valid
11,SmallBank,smallbank,WRDT,RoCEv2-Hardware-mlx5_0,736bbd6,3,4000000,0,0.265318667,9.534890000,0.256168000,0.257897000,0.281891000,,10.192900000,10.267600000,9.534890000,,4000000,18003148058491299341,split,valid
11,SmallBank,smallbank,WRDT,RoCEv2-Hardware-mlx5_0,736bbd6,3,4000000,5,0.316519333,6.924160000,0.359501000,0.298421000,0.291636000,,6.924560000,6.924160000,6.927380000,,4000000,6577398278397598412,split,valid
11,SmallBank,smallbank,WRDT,RoCEv2-Hardware-mlx5_0,736bbd6,3,4000000,15,0.437393000,5.193190000,0.551564000,0.375729000,0.384886000,,5.193190000,5.193230000,5.193620000,,4000000,5276419287549414432,split,valid
11,SmallBank,smallbank,WRDT,RoCEv2-Hardware-mlx5_0,736bbd6,3,4000000,20,0.465211000,4.321280000,0.612170000,0.372659000,0.410804000,,4.321280000,4.321480000,4.322620000,,4000000,2752991449581996742,split,valid
11,SmallBank,smallbank,WRDT,RoCEv2-Hardware-mlx5_0,736bbd6,3,4000000,25,0.530760000,3.963010000,0.715892000,0.427648000,0.448740000,,3.963010000,3.963450000,3.963100000,,4000000,10582841289347709463,split,valid
11,SmallBank,smallbank,WRDT,RoCEv2-Hardware-mlx5_0,736bbd6,3,4000000,50,0.778717000,2.402570000,1.119730000,0.596820000,0.619601000,,2.402570000,2.402920000,2.402740000,,4000000,562955678669907035,split,valid
11,SmallBank,smallbank,WRDT,RoCEv2-Hardware-mlx5_0,736bbd6,4,4000000,0,0.298727000,11.235200000,0.275785000,0.354358000,0.276824000,0.287941000,12.460900000,12.886600000,11.235200000,11.246300000,4000000,18003148058491299341,split,valid
11,SmallBank,smallbank,WRDT,RoCEv2-Hardware-mlx5_0,736bbd6,4,4000000,5,0.352408500,8.705630000,0.420040000,0.307451000,0.345939000,0.336204000,8.705990000,8.705630000,8.706800000,8.715200000,4000000,6577398278397598412,split,valid
11,SmallBank,smallbank,WRDT,RoCEv2-Hardware-mlx5_0,736bbd6,4,4000000,15,0.495490250,5.305650000,0.689203000,0.428536000,0.432760000,0.431462000,5.305650000,5.306790000,5.307690000,5.306630000,4000000,5276419287549414432,split,valid
11,SmallBank,smallbank,WRDT,RoCEv2-Hardware-mlx5_0,736bbd6,4,4000000,20,0.561093000,4.409960000,0.821693000,0.477390000,0.471558000,0.473731000,4.410340000,4.409960000,4.410070000,4.412130000,4000000,2752991449581996742,split,valid
11,SmallBank,smallbank,WRDT,RoCEv2-Hardware-mlx5_0,736bbd6,4,4000000,25,0.631970500,3.827540000,0.954544000,0.522160000,0.515287000,0.535891000,3.827540000,3.828240000,3.828980000,3.828110000,4000000,10582841289347709463,split,valid
11,SmallBank,smallbank,WRDT,RoCEv2-Hardware-mlx5_0,736bbd6,4,4000000,50,0.930631500,2.315820000,1.635480000,0.709061000,0.690912000,0.687073000,2.315820000,2.316080000,2.316230000,2.315890000,4000000,562955678669907035,split,valid
