{"recipe": {"revision": "0", "remote": "conancenter", "properties": {}, "checksums": {"conanmanifest.txt": {"md5": "c2d7bcf10a45e2a7f2d49bc304a8c085", "sha1": "fc4fb18b9f6fe585fbeec88a55fbb337e5cff004"}, "conanfile.py": {"md5": "b846d8016db56af86f74737bbc72b9dd", "sha1": "a3260f1321836dd48857e1004b0505ae6a9fa5fe"}, "conan_export.tgz": {"md5": "6809fd4a5af71614ccf14e2596246c40", "sha1": "dba7bfbed1d0803fe63288842757a3cae1b98a2b"}}}, "packages": {"ad1326faee2b5c7a6953a80ba52d63412f8b0989": {"revision": "0fe6cb0c67acba1bcbb8be962dd97aae", "recipe_revision": "0", "remote": null, "properties": {}, "checksums": {}}}}